Guid,SBQQ__LookupField__c,SBQQ__MatchType__c,SBQQ__Operator__c,SBQQ__ParentRuleIsActive__c,SBQQ__PriceRule2__c,SBQQ__RuleLookupObject__c,SBQQ__RuleTargetsCalculator__c,SBQQ__TestedField__c,SBQQ__TestedObject__c,SBQQ__TestedValue__c
32f7fc54-73ab-4f3e-9511-b9cb51511c47,Resource_Location__c,Field Value,equals,#N/A,e8b363e4-210e-460e-bdfb-e282a6a17b1d,#N/A,#N/A,Resource_Location__c,Quote Line,#N/A
acd39173-42e7-469b-b57e-3d938af0b454,Resource_Location__c,Field Value,equals,#N/A,6daea88c-78f6-4d2a-9153-3c6201d7be48,#N/A,#N/A,Resource_Location__c,Quote Line,#N/A
ea22a49e-d08a-43cd-b53d-4e10880fa5e0,Lower_Bound_Percent__c,Field Value,greater or equals,#N/A,5d4870fb-d090-4553-aca2-70af4aa0c365,#N/A,#N/A,Discretionary_Discount_Decimal__c,Quote Line,#N/A
3810dfa6-d280-4ca7-aff1-c8123fcffc92,Role__c,Field Value,equals,#N/A,6daea88c-78f6-4d2a-9153-3c6201d7be48,#N/A,#N/A,SBQQ__Product__c,Quote Line,#N/A
892c88eb-ae1c-4799-a91d-8ea1ae9c83ac,Product__c,Field Value,equals,#N/A,76bc0c50-5b45-4335-8403-5f378a24d860,#N/A,#N/A,SBQQ__Product__c,Quote Line,#N/A
221a77e2-6cd6-4d8c-bf4b-937d75b3e181,Upper_Bound_Percent__c,Field Value,less than,#N/A,5d4870fb-d090-4553-aca2-70af4aa0c365,#N/A,#N/A,Discretionary_Discount_Decimal__c,Quote Line,#N/A
56466540-ca56-4375-82c5-4963fbedea9c,Approval_Level__c,Static Value,equals,#N/A,ce868037-2630-417d-b47a-ce3b5f7f15cb,#N/A,#N/A,#N/A,#N/A,2
8cd512f7-c2f8-4f3d-a199-7e67e6c32137,Role__c,Field Value,equals,#N/A,d1fe2d0e-a632-4e68-b370-b818880a509b,#N/A,#N/A,SBQQ__Product__c,Quote Line,#N/A
d1cd75b9-cc8c-49dd-ac9e-231674b7d5ed,Threshold_Type__c,Static Value,equals,#N/A,5d4870fb-d090-4553-aca2-70af4aa0c365,#N/A,#N/A,#N/A,#N/A,Discount
f6e37369-22a7-4933-b935-537bc1f6512e,Product__c,Field Value,equals,#N/A,ce868037-2630-417d-b47a-ce3b5f7f15cb,#N/A,#N/A,SBQQ__Product__c,Quote Line,#N/A
b0815fc3-2319-4d68-8e30-aab1db7ac191,Product__c,Field Value,equals,#N/A,789dbe6a-c39f-4585-977c-8118d24ba088,#N/A,#N/A,SBQQ__Product__c,Quote Line,#N/A
27aa831c-b6b6-47c3-8487-9d6b48d5f312,Approval_Level__c,Static Value,equals,#N/A,f85c9f91-3d00-49e2-97ae-d2e9b122cbc2,#N/A,#N/A,#N/A,#N/A,3
004b1c63-4ba6-4b08-837b-b343a4249ffe,Role__c,Field Value,equals,#N/A,0ce5b312-8f84-44e6-a9b5-ff346de915aa,#N/A,#N/A,SBQQ__Product__c,Quote Line,#N/A
548e7928-8353-4015-89a2-8744139770ff,Product__c,Field Value,equals,#N/A,559efa50-1c98-4ad9-b05e-c01100a81d24,#N/A,#N/A,SBQQ__Product__c,Quote Line,#N/A
d34edb4c-ae2f-4d5c-a7c8-d864709b2405,Approval_Level__c,Static Value,equals,#N/A,3a0d3db1-d793-4cf8-a7d9-f7d201b0f7b0,#N/A,#N/A,#N/A,#N/A,1
4eaf7524-8698-46b0-bb76-5eba8927910e,Product__c,Field Value,equals,#N/A,203f7fed-642e-4854-ac0f-1ab53ae51e46,#N/A,#N/A,SBQQ__Product__c,Quote Line,#N/A
924f13e2-626e-4402-9972-0b44dacfc7da,Product__c,Field Value,equals,#N/A,fe655a51-f065-4fd0-8450-bd3c5da2c11d,#N/A,#N/A,SBQQ__Product__c,Quote Line,#N/A
6f99b4a0-5493-45da-921d-98e1f849c67a,Product__c,Field Value,equals,#N/A,b4b6c829-9617-4e4b-b688-de4997e89325,#N/A,#N/A,SBQQ__Product__c,Quote Line,#N/A
07537541-0545-4c9a-ac63-d0d6f3f91cd5,Product__c,Field Value,equals,#N/A,a118c2d0-a2e4-433a-a7f3-fe2995b8c40c,#N/A,#N/A,SBQQ__Product__c,Quote Line,#N/A
ba67d6a4-5fb4-4ab3-9864-50d2f6e45f9a,Lower_Bound_Percent__c,Field Value,greater or equals,#N/A,b4b6c829-9617-4e4b-b688-de4997e89325,#N/A,#N/A,Discretionary_Discount_Decimal__c,Quote Line,#N/A
90a32403-64fc-4922-8a9f-f3376f891a54,Threshold_Type__c,Static Value,equals,#N/A,b4b6c829-9617-4e4b-b688-de4997e89325,#N/A,#N/A,#N/A,#N/A,Discount
ed64a119-191b-4abf-9444-91c862fa65f0,Product__c,Field Value,equals,#N/A,3a0d3db1-d793-4cf8-a7d9-f7d201b0f7b0,#N/A,#N/A,SBQQ__Product__c,Quote Line,#N/A
e092f891-0178-44fe-b795-ad7908c43d74,Approval_Level__c,Static Value,equals,#N/A,559efa50-1c98-4ad9-b05e-c01100a81d24,#N/A,#N/A,#N/A,#N/A,1
6c387984-0a39-4f21-9970-f114b61ac1fc,Lower_Bound_Percent__c,Field Value,greater or equals,#N/A,018d7b05-899b-4940-8cd2-4cf0ede37b11,#N/A,#N/A,Discretionary_Discount_Decimal__c,Quote Line,#N/A
51795049-7425-4789-8400-c598f794a6bc,Threshold_Type__c,Static Value,equals,#N/A,76bc0c50-5b45-4335-8403-5f378a24d860,#N/A,#N/A,#N/A,#N/A,Discount
e4ddfee6-49f6-4d90-ba14-7f66dbee4c24,Approval_Level__c,Static Value,equals,#N/A,fe655a51-f065-4fd0-8450-bd3c5da2c11d,#N/A,#N/A,#N/A,#N/A,2
c7a609ea-ba0b-4bf2-83ec-8b62206f1e2f,Approval_Level__c,Static Value,equals,#N/A,203f7fed-642e-4854-ac0f-1ab53ae51e46,#N/A,#N/A,#N/A,#N/A,3
063d3ae3-6781-4647-a46f-7da9ab843a22,Threshold_Type__c,Static Value,equals,#N/A,018d7b05-899b-4940-8cd2-4cf0ede37b11,#N/A,#N/A,#N/A,#N/A,Discount
c4bf9173-7e0c-43ac-9687-9ddeccc7b0b5,Engineering_Options__c,Field Value,equals,#N/A,0ce5b312-8f84-44e6-a9b5-ff346de915aa,#N/A,#N/A,Engineering_Options__c,Quote Line,#N/A
dac113e9-0d51-48c0-94e0-b0b9d856dcca,Product__c,Field Value,equals,#N/A,fa93ec9a-9e89-41be-8b48-46505e4460ce,#N/A,#N/A,SBQQ__Product__c,Quote Line,#N/A
6e397a79-8534-47f1-8610-889af6fa6122,Resource_Location__c,Field Value,equals,#N/A,d1fe2d0e-a632-4e68-b370-b818880a509b,#N/A,#N/A,Resource_Location__c,Quote Line,#N/A
4a2d6284-8f41-445d-8d40-627a10c75ef2,Product__c,Field Value,equals,#N/A,f85c9f91-3d00-49e2-97ae-d2e9b122cbc2,#N/A,#N/A,SBQQ__Product__c,Quote Line,#N/A
fa45c65d-e08e-484d-b7cb-2b6538e06c0b,Approval_Level__c,Static Value,equals,#N/A,a118c2d0-a2e4-433a-a7f3-fe2995b8c40c,#N/A,#N/A,#N/A,#N/A,1
a394fa13-def6-446e-ba46-c53ad7af5c71,Approval_Level__c,Static Value,equals,#N/A,fa93ec9a-9e89-41be-8b48-46505e4460ce,#N/A,#N/A,#N/A,#N/A,2
11d7d862-03c7-4738-9f89-e691786c57c1,Product__c,Field Value,equals,#N/A,5d4870fb-d090-4553-aca2-70af4aa0c365,#N/A,#N/A,SBQQ__Product__c,Quote Line,#N/A
dbd18094-2270-455b-9852-e2c6dbdda348,Product__c,Field Value,equals,#N/A,c0250104-e2c7-4984-ae6d-dceca3b3d609,#N/A,#N/A,SBQQ__Product__c,Quote Line,#N/A
a830fae1-18fd-4591-91e0-5830948c9d66,Approval_Level__c,Static Value,equals,#N/A,a3245e47-1881-42ef-a45f-02d30a56dffe,#N/A,#N/A,#N/A,#N/A,3
f8661aae-3063-412d-bb6c-9db5fcb1fee7,Approval_Level__c,Static Value,equals,#N/A,c0250104-e2c7-4984-ae6d-dceca3b3d609,#N/A,#N/A,#N/A,#N/A,1
97068704-910c-4ecd-b2b9-c300b7a32492,Lower_Bound_Percent__c,Field Value,greater or equals,#N/A,76bc0c50-5b45-4335-8403-5f378a24d860,#N/A,#N/A,Discretionary_Discount_Decimal__c,Quote Line,#N/A
a66bd1e8-216e-4834-88d5-b2196ee10013,Product__c,Field Value,equals,#N/A,a3245e47-1881-42ef-a45f-02d30a56dffe,#N/A,#N/A,SBQQ__Product__c,Quote Line,#N/A
e79758cb-0fbe-4ae2-8cc8-0a46b2cd033e,Approval_Level__c,Static Value,equals,#N/A,0b4afd12-3c75-4d0b-8354-4a5db0b5ce93,#N/A,#N/A,#N/A,#N/A,3
f95c87ed-545c-4b82-bcd9-7e8491855180,Role__c,Field Value,equals,#N/A,e8b363e4-210e-460e-bdfb-e282a6a17b1d,#N/A,#N/A,SBQQ__Product__c,Quote Line,#N/A
b01afa74-e203-4e0b-a7ba-776f914d71c7,Resource_Location__c,Field Value,equals,#N/A,0ce5b312-8f84-44e6-a9b5-ff346de915aa,#N/A,#N/A,Resource_Location__c,Quote Line,#N/A
ef838516-3396-4074-be1f-dbcb3119a0dc,Engineering_Options__c,Field Value,equals,#N/A,d1fe2d0e-a632-4e68-b370-b818880a509b,#N/A,#N/A,Engineering_Options__c,Quote Line,#N/A
0193a611-7098-448d-a03a-27d22f7107f7,Engineering_Options__c,Field Value,equals,#N/A,e8b363e4-210e-460e-bdfb-e282a6a17b1d,#N/A,#N/A,Engineering_Options__c,Quote Line,#N/A
51595677-dc18-4f91-8f77-f10352513868,Product__c,Field Value,equals,#N/A,018d7b05-899b-4940-8cd2-4cf0ede37b11,#N/A,#N/A,SBQQ__Product__c,Quote Line,#N/A
f6da212f-9596-41c5-bbb0-6900c91e02fa,Upper_Bound_Percent__c,Field Value,less than,#N/A,76bc0c50-5b45-4335-8403-5f378a24d860,#N/A,#N/A,Discretionary_Discount_Decimal__c,Quote Line,#N/A
27785feb-63c2-4218-98d5-2e91f05b73ab,Product__c,Field Value,equals,#N/A,0b4afd12-3c75-4d0b-8354-4a5db0b5ce93,#N/A,#N/A,SBQQ__Product__c,Quote Line,#N/A
5fc0ce09-b6b6-45c2-a40a-1639f3a6b3be,Upper_Bound_Percent__c,Field Value,less than,#N/A,b4b6c829-9617-4e4b-b688-de4997e89325,#N/A,#N/A,Discretionary_Discount_Decimal__c,Quote Line,#N/A
de17278b-c366-4414-82c9-63594794a1b7,Engineering_Options__c,Field Value,equals,#N/A,6daea88c-78f6-4d2a-9153-3c6201d7be48,#N/A,#N/A,Engineering_Options__c,Quote Line,#N/A
e5adcb04-8a40-4d61-8c52-686cbda967b2,Upper_Bound_Percent__c,Field Value,less than,#N/A,018d7b05-899b-4940-8cd2-4cf0ede37b11,#N/A,#N/A,Discretionary_Discount_Decimal__c,Quote Line,#N/A
cca443a6-7c7b-469a-8fb3-df44717262b2,Approval_Level__c,Static Value,equals,#N/A,789dbe6a-c39f-4585-977c-8118d24ba088,#N/A,#N/A,#N/A,#N/A,2
5336dbc7-2bbc-46a7-a7cd-13ba7ffd5194,Lower_Bound_Percent__c,Field Value,greater or equals,false,6fe97c32-7928-4c45-ae8a-158c621d9b14,Approval_Threshold__c,true,Discretionary_Discount_Decimal__c,Quote Line,#N/A
c754eb87-69be-474b-b222-1b16bbcf0a3e,Approval_Level__c,Static Value,equals,false,ec1b0e8a-a3a7-442a-9735-8e5e7096e486,Approval_Threshold__c,true,#N/A,#N/A,2
c2b22e38-5dcf-42d9-9e4e-e72529b8c9db,Approval_Level__c,Static Value,equals,false,db6197ac-388a-4af7-92d0-c84458a2b0a3,Approval_Threshold__c,true,#N/A,#N/A,3
e10de1a1-c513-4aa6-87f9-8da21919c209,Engineering_Options__c,Field Value,equals,false,d5a0d090-8751-40fd-8a63-13af320d4f17,Professional_Services_Rate__c,true,Engineering_Options__c,Quote Line,#N/A
9064795f-cf42-41f6-9b0d-e6caf7a5f36c,Threshold_Type__c,Static Value,equals,false,27c8740f-f6b8-45bf-9340-44989be5c83f,Approval_Threshold__c,true,#N/A,#N/A,Discount
eba4d79c-e020-42fe-8132-6cc0c411c36b,Threshold_Type__c,Static Value,equals,false,6fe97c32-7928-4c45-ae8a-158c621d9b14,Approval_Threshold__c,true,#N/A,#N/A,Discount
f03311e1-3842-4936-b42d-b0c02bc07db9,Engineering_Options__c,Field Value,equals,false,341d60d1-5365-4fcb-a356-a52b2b38e157,Professional_Services_Rate__c,true,Engineering_Options__c,Quote Line,#N/A
22941687-6e1b-4a6e-b813-125eeddf6672,Role__c,Field Value,equals,false,c03b4be9-4f92-46b5-8b67-bb809c9379f9,Professional_Services_Rate__c,true,SBQQ__Product__c,Quote Line,#N/A
d6a5d66d-5180-4bdd-9cb1-a6af9732c359,Approval_Level__c,Static Value,equals,false,887e7aef-a0d5-4616-a6a5-2fee3fbfd6d0,Approval_Threshold__c,true,#N/A,#N/A,1
36f794e7-dedb-44ba-af66-865ea293b90f,Role__c,Field Value,equals,false,5a6f0ffa-c44f-4c1a-b33c-de3816b8328d,Professional_Services_Rate__c,true,SBQQ__Product__c,Quote Line,#N/A
f4b598e1-381c-4406-b05a-3eb100f4dad9,Lower_Bound_Percent__c,Field Value,greater or equals,true,808b5fa3-de52-4491-863f-0275290e7330,Approval_Threshold__c,true,Discretionary_Discount_Decimal__c,Quote Line,#N/A
25153eec-1f06-4df4-9d6f-b89af13132d2,Approval_Level__c,Static Value,equals,false,3413fe6b-36a1-461d-8c43-bf305fe68d3c,Approval_Threshold__c,true,#N/A,#N/A,1
c3aef19a-6547-478c-ab48-361bdfa5a1af,Product__c,Field Value,equals,false,ec524a03-1e8a-4ee6-8247-591b7d5d6da0,Approval_Threshold__c,true,SBQQ__Product__c,Quote Line,#N/A
caf4afea-feef-437f-bb75-fce9d5c8a96b,Resource_Location__c,Field Value,equals,false,d5a0d090-8751-40fd-8a63-13af320d4f17,Professional_Services_Rate__c,true,Resource_Location__c,Quote Line,#N/A
dc0300b3-d22e-4d8b-b511-5a0bdd06eab9,Product__c,Field Value,equals,false,ec1b0e8a-a3a7-442a-9735-8e5e7096e486,Approval_Threshold__c,true,SBQQ__Product__c,Quote Line,#N/A
b1869fd9-080e-4830-be83-cb31bac2357c,Product__c,Field Value,equals,false,db6197ac-388a-4af7-92d0-c84458a2b0a3,Approval_Threshold__c,true,SBQQ__Product__c,Quote Line,#N/A
65f2068e-e81d-40ed-939d-28ccf6c8891e,Product__c,Field Value,equals,false,6fe97c32-7928-4c45-ae8a-158c621d9b14,Approval_Threshold__c,true,SBQQ__Product__c,Quote Line,#N/A
5c908c1f-9df6-4cc4-a4e1-4b86087a5d14,Threshold_Type__c,Static Value,equals,false,ec524a03-1e8a-4ee6-8247-591b7d5d6da0,Approval_Threshold__c,true,#N/A,#N/A,Discount
b5430788-768a-4348-9de4-d16890a4d367,Product__c,Field Value,equals,true,808b5fa3-de52-4491-863f-0275290e7330,Approval_Threshold__c,true,SBQQ__Product__c,Quote Line,#N/A
47357f86-a8cd-4e02-a431-ca4f0a5ffd70,Lower_Bound_Percent__c,Field Value,greater or equals,false,27c8740f-f6b8-45bf-9340-44989be5c83f,Approval_Threshold__c,true,Discretionary_Discount_Decimal__c,Quote Line,#N/A
74d5a8b8-c9ef-47ce-bda6-f71626fdcde0,Product__c,Field Value,equals,false,887e7aef-a0d5-4616-a6a5-2fee3fbfd6d0,Approval_Threshold__c,true,SBQQ__Product__c,Quote Line,#N/A
8975864f-b736-47dd-a4ab-c5e752b5cecf,Product__c,Field Value,equals,false,c71d095b-3473-4d5f-b3b0-62735f85ca51,Approval_Threshold__c,true,SBQQ__Product__c,Quote Line,#N/A
6614c927-3ef2-4251-bc9b-6f06be4ac7f3,Product__c,Field Value,equals,false,3413fe6b-36a1-461d-8c43-bf305fe68d3c,Approval_Threshold__c,true,SBQQ__Product__c,Quote Line,#N/A
2ab1a1e7-710f-422d-9446-56495e144cbd,Product__c,Field Value,equals,false,da447496-4e6f-4a7d-8a15-72732109a2a1,Approval_Threshold__c,true,SBQQ__Product__c,Quote Line,#N/A
45eebf1d-ac08-4616-b703-96eeaf0f94ab,Role__c,Field Value,equals,false,d5a0d090-8751-40fd-8a63-13af320d4f17,Professional_Services_Rate__c,true,SBQQ__Product__c,Quote Line,#N/A
ed67fdc8-55cf-469f-b0b7-d22abe1a7402,Engineering_Options__c,Field Value,equals,false,5a6f0ffa-c44f-4c1a-b33c-de3816b8328d,Professional_Services_Rate__c,true,Engineering_Options__c,Quote Line,#N/A
1733a29f-cdc1-4138-9814-ecd5fc04eeb5,Approval_Level__c,Static Value,equals,false,6cb97072-e533-4b92-b639-e410462e3639,Approval_Threshold__c,true,#N/A,#N/A,1
d585f22a-a77c-4d3e-94c9-0675c6cc428d,Threshold_Type__c,Static Value,equals,true,808b5fa3-de52-4491-863f-0275290e7330,Approval_Threshold__c,true,#N/A,#N/A,Discount
a2c6e105-a813-463e-84b5-faa923fe4d8a,Upper_Bound_Percent__c,Field Value,less than,false,27c8740f-f6b8-45bf-9340-44989be5c83f,Approval_Threshold__c,true,Discretionary_Discount_Decimal__c,Quote Line,#N/A
b784634d-8335-497f-9491-7decc1dab173,Approval_Level__c,Static Value,equals,false,f179679d-0dd2-47d5-b9fd-63a8c18aae33,Approval_Threshold__c,true,#N/A,#N/A,2
849591ce-ef9e-49a5-9c30-9dc6218d792a,Lower_Bound_Percent__c,Field Value,greater or equals,false,ec524a03-1e8a-4ee6-8247-591b7d5d6da0,Approval_Threshold__c,true,Discretionary_Discount_Decimal__c,Quote Line,#N/A
3a4cc6f2-b328-4cc7-afbc-72565f31cf50,Product__c,Field Value,equals,false,6cb97072-e533-4b92-b639-e410462e3639,Approval_Threshold__c,true,SBQQ__Product__c,Quote Line,#N/A
49c59b3f-b132-4225-8722-cb59d754e91a,Resource_Location__c,Field Value,equals,false,c03b4be9-4f92-46b5-8b67-bb809c9379f9,Professional_Services_Rate__c,true,Resource_Location__c,Quote Line,#N/A
41843b5c-1ac2-4940-a6ca-4476cdee5096,Product__c,Field Value,equals,false,28642394-525e-4049-a073-677c9dbc3229,Approval_Threshold__c,true,SBQQ__Product__c,Quote Line,#N/A
4413b98c-2a9b-4b5a-9404-3bb954b94763,Upper_Bound_Percent__c,Field Value,less than,true,808b5fa3-de52-4491-863f-0275290e7330,Approval_Threshold__c,true,Discretionary_Discount_Decimal__c,Quote Line,#N/A
dc61cb9f-a0b9-42b8-a3e3-359a61b671b4,Approval_Level__c,Static Value,equals,false,28642394-525e-4049-a073-677c9dbc3229,Approval_Threshold__c,true,#N/A,#N/A,2
844c27e1-2771-4418-9ab0-44eede805760,Upper_Bound_Percent__c,Field Value,less than,false,6fe97c32-7928-4c45-ae8a-158c621d9b14,Approval_Threshold__c,true,Discretionary_Discount_Decimal__c,Quote Line,#N/A
bb21ef85-10b7-4e0c-86e4-1fbc421160ae,Approval_Level__c,Static Value,equals,false,da447496-4e6f-4a7d-8a15-72732109a2a1,Approval_Threshold__c,true,#N/A,#N/A,3
3a8210fe-6cd1-4769-8ae1-b9eb2f4f2498,Product__c,Field Value,equals,false,69f313b8-d6c2-4f04-9c56-e5bdd531d10c,Approval_Threshold__c,true,SBQQ__Product__c,Quote Line,#N/A
ef98ea00-a913-4bdb-b2e2-e94c06d27229,Role__c,Field Value,equals,false,341d60d1-5365-4fcb-a356-a52b2b38e157,Professional_Services_Rate__c,true,SBQQ__Product__c,Quote Line,#N/A
7a703ff1-e1ce-4553-9535-3c98f5c71a32,Resource_Location__c,Field Value,equals,false,5a6f0ffa-c44f-4c1a-b33c-de3816b8328d,Professional_Services_Rate__c,true,Resource_Location__c,Quote Line,#N/A
62c6a50d-9aa0-49e1-8c01-83270c997901,Approval_Level__c,Static Value,equals,false,69f313b8-d6c2-4f04-9c56-e5bdd531d10c,Approval_Threshold__c,true,#N/A,#N/A,3
2e09241c-aa1a-433b-a5d1-98841b8e85d2,Resource_Location__c,Field Value,equals,false,341d60d1-5365-4fcb-a356-a52b2b38e157,Professional_Services_Rate__c,true,Resource_Location__c,Quote Line,#N/A
5833086b-9fdc-435a-8f38-7c406fe3eb69,Product__c,Field Value,equals,false,27c8740f-f6b8-45bf-9340-44989be5c83f,Approval_Threshold__c,true,SBQQ__Product__c,Quote Line,#N/A
1123a827-f453-4351-9f69-c47906f1d85d,Product__c,Field Value,equals,false,f179679d-0dd2-47d5-b9fd-63a8c18aae33,Approval_Threshold__c,true,SBQQ__Product__c,Quote Line,#N/A
613de5b6-b849-4a43-b89a-f459a7f3ba23,Upper_Bound_Percent__c,Field Value,less than,false,ec524a03-1e8a-4ee6-8247-591b7d5d6da0,Approval_Threshold__c,true,Discretionary_Discount_Decimal__c,Quote Line,#N/A
7602e994-7be0-4f5a-b217-9bf7376dd159,Engineering_Options__c,Field Value,equals,false,c03b4be9-4f92-46b5-8b67-bb809c9379f9,Professional_Services_Rate__c,true,Engineering_Options__c,Quote Line,#N/A
9223f826-dfc6-4272-a86f-986e75a8620f,Product__c,Field Value,equals,false,3b272faf-ed20-413e-ac04-7ae07897ebf3,Approval_Threshold__c,true,SBQQ__Product__c,Quote Line,#N/A
16d98824-6eb3-4c83-9cea-e6ac9bac529b,Approval_Level__c,Static Value,equals,false,c71d095b-3473-4d5f-b3b0-62735f85ca51,Approval_Threshold__c,true,#N/A,#N/A,1
912cf13e-4bd8-4f19-951c-8aca18eec0bf,Approval_Level__c,Static Value,equals,false,3b272faf-ed20-413e-ac04-7ae07897ebf3,Approval_Threshold__c,true,#N/A,#N/A,2
